{
  "Capricorn-Rat": {
    "Capricorn-Rat": {
      "overall": 92,
      "summary": "Exceptional Match",
      "insight": [
        "Earth–Earth → reliability and shared purpose.",
        "Rat–Rat ambition pairs with Capricorn discipline.",
        "Together they build legacy and loyalty.",
        "West/East balance → 90/94 split."
      ],
      "scores": {
        "core_vibe": 96,
        "chemistry": 92,
        "communication": 84,
        "lifestyle": 94,
        "long_term": 96,
        "growth": 84
      },
      "color": "green"
    },
    "Capricorn-Ox": {
      "overall": 98,
      "summary": "Exceptional Match",
      "insight": [
        "Earth–Earth union: patience, stability, trust.",
        "Rat–Ox partnership → practical, loyal, enduring.",
        "Hardworking and emotionally dependable.",
        "West/East balance → 96/100 split."
      ],
      "scores": {
        "core_vibe": 100,
        "chemistry": 98,
        "communication": 90,
        "lifestyle": 98,
        "long_term": 98,
        "growth": 86
      },
      "color": "green"
    },
    "Capricorn-Tiger": {
      "overall": 70,
      "summary": "Good Potential",
      "insight": [
        "Earth–Fire → planner meets risk-taker.",
        "Rat–Tiger opposite trines but mutual respect possible.",
        "Capricorn's caution balances Tiger's fire.",
        "West/East balance → 72/68 split."
      ],
      "scores": {
        "core_vibe": 76,
        "chemistry": 72,
        "communication": 74,
        "lifestyle": 70,
        "long_term": 68,
        "growth": 72
      },
      "color": "yellow"
    },
    "Capricorn-Rabbit": {
      "overall": 90,
      "summary": "Great Match",
      "insight": [
        "Earth–Water: nurturing, graceful connection.",
        "Rat–Rabbit creative and emotionally aware.",
        "Shared calm and respect for home life.",
        "West/East balance → 88/92 split."
      ],
      "scores": {
        "core_vibe": 94,
        "chemistry": 90,
        "communication": 86,
        "lifestyle": 90,
        "long_term": 92,
        "growth": 82
      },
      "color": "green"
    },
    "Capricorn-Dragon": {
      "overall": 86,
      "summary": "Great Match",
      "insight": [
        "Earth–Fire: practicality meets power.",
        "Rat–Dragon same trine → visionary alliance.",
        "Mutual respect strengthens long-term goals.",
        "West/East balance → 84/88 split."
      ],
      "scores": {
        "core_vibe": 90,
        "chemistry": 86,
        "communication": 82,
        "lifestyle": 84,
        "long_term": 88,
        "growth": 80
      },
      "color": "green"
    },
    "Capricorn-Snake": {
      "overall": 99,
      "summary": "Exceptional Match",
      "insight": [
        "Earth–Earth → patience and loyalty.",
        "Rat–Snake secret-friend bond → intuitive teamwork.",
        "Wise, calm, enduring love story.",
        "West/East balance → 98/100 split."
      ],
      "scores": {
        "core_vibe": 100,
        "chemistry": 98,
        "communication": 90,
        "lifestyle": 96,
        "long_term": 98,
        "growth": 88
      },
      "color": "green"
    },
    "Capricorn-Horse": {
      "overall": 64,
      "summary": "Mixed / Workable",
      "insight": [
        "Earth–Fire: structure meets spontaneity.",
        "Rat–Horse clash adds restlessness.",
        "Respect independence to avoid burnout.",
        "West/East balance → 66/62 split."
      ],
      "scores": {
        "core_vibe": 70,
        "chemistry": 64,
        "communication": 66,
        "lifestyle": 62,
        "long_term": 60,
        "growth": 66
      },
      "color": "yellow"
    },
    "Capricorn-Goat": {
      "overall": 96,
      "summary": "Exceptional Match",
      "insight": [
        "Earth–Earth harmony; shared values and patience.",
        "Rat–Goat pairing blends logic with artistry.",
        "Comfortable, safe, enduring relationship.",
        "West/East balance → 94/98 split."
      ],
      "scores": {
        "core_vibe": 98,
        "chemistry": 96,
        "communication": 88,
        "lifestyle": 96,
        "long_term": 98,
        "growth": 86
      },
      "color": "green"
    },
    "Capricorn-Monkey": {
      "overall": 80,
      "summary": "Great Match",
      "insight": [
        "Earth–Air → planner meets innovator.",
        "Rat–Monkey same trine → creative synergy.",
        "Stable mind with lively curiosity.",
        "West/East balance → 82/78 split."
      ],
      "scores": {
        "core_vibe": 86,
        "chemistry": 82,
        "communication": 84,
        "lifestyle": 78,
        "long_term": 82,
        "growth": 80
      },
      "color": "green"
    },
    "Capricorn-Rooster": {
      "overall": 98,
      "summary": "Exceptional Match",
      "insight": [
        "Earth–Air practicality meets order and clarity.",
        "Rat–Rooster same trine → strong work ethic.",
        "Shared perfectionism creates stability.",
        "West/East balance → 98/98 split."
      ],
      "scores": {
        "core_vibe": 100,
        "chemistry": 98,
        "communication": 92,
        "lifestyle": 96,
        "long_term": 98,
        "growth": 88
      },
      "color": "green"
    },
    "Capricorn-Dog": {
      "overall": 94,
      "summary": "Exceptional Match",
      "insight": [
        "Earth–Air = dependable and principled.",
        "Rat–Dog loyalty fosters long-term security.",
        "Shared morals, love, and purpose.",
        "West/East balance → 92/96 split."
      ],
      "scores": {
        "core_vibe": 96,
        "chemistry": 94,
        "communication": 90,
        "lifestyle": 92,
        "long_term": 96,
        "growth": 86
      },
      "color": "green"
    },
    "Capricorn-Pig": {
      "overall": 98,
      "summary": "Exceptional Match",
      "insight": [
        "Earth–Water → mutual devotion and peace.",
        "Rat–Pig secret-friend tie → trust and kindness.",
        "Emotionally generous and safe love.",
        "West/East balance → 96/100 split."
      ],
      "scores": {
        "core_vibe": 100,
        "chemistry": 98,
        "communication": 90,
        "lifestyle": 94,
        "long_term": 98,
        "growth": 88
      },
      "color": "green"
    }
  }
}
