{
  "Libra-Rat": {
    "Libra-Rat": {
      "overall": 90,
      "summary": "Great Match",
      "insight": [
        "Air–Air = instant rapport and flow.",
        "Rat–Rat dynamic minds → equal partners in ideas.",
        "Cardinal energy keeps them socially magnetic.",
        "West/East balance → 88/92 split."
      ],
      "scores": {
        "core_vibe": 94,
        "chemistry": 90,
        "communication": 96,
        "lifestyle": 86,
        "long_term": 86,
        "growth": 82
      },
      "color": "green"
    },
    "Libra-Ox": {
      "overall": 68,
      "summary": "Mixed / Workable",
      "insight": [
        "Air–Earth friction: idealist meets realist.",
        "Rat–Ox steady but cautious; balance needed.",
        "Respect each other's pace for harmony.",
        "West/East balance → 70/66 split."
      ],
      "scores": {
        "core_vibe": 72,
        "chemistry": 70,
        "communication": 74,
        "lifestyle": 68,
        "long_term": 66,
        "growth": 70
      },
      "color": "yellow"
    },
    "Libra-Tiger": {
      "overall": 93,
      "summary": "Exceptional Match",
      "insight": [
        "Air–Fire: charm meets courage.",
        "Rat–Tiger differences add excitement.",
        "Passion and wit make them unforgettable.",
        "West/East balance → 92/94 split."
      ],
      "scores": {
        "core_vibe": 96,
        "chemistry": 92,
        "communication": 94,
        "lifestyle": 88,
        "long_term": 90,
        "growth": 86
      },
      "color": "green"
    },
    "Libra-Rabbit": {
      "overall": 98,
      "summary": "Exceptional Match",
      "insight": [
        "Air–Water = elegant empathy and grace.",
        "Rat–Rabbit compatibility fosters harmony.",
        "Together they create peace and beauty.",
        "West/East balance → 96/100 split."
      ],
      "scores": {
        "core_vibe": 100,
        "chemistry": 98,
        "communication": 96,
        "lifestyle": 94,
        "long_term": 98,
        "growth": 90
      },
      "color": "green"
    },
    "Libra-Dragon": {
      "overall": 92,
      "summary": "Exceptional Match",
      "insight": [
        "Air–Fire brilliance: shared inspiration and leadership.",
        "Rat–Dragon same trine → natural allies.",
        "Magnetic connection full of admiration.",
        "West/East balance → 92/92 split."
      ],
      "scores": {
        "core_vibe": 96,
        "chemistry": 94,
        "communication": 92,
        "lifestyle": 88,
        "long_term": 90,
        "growth": 86
      },
      "color": "green"
    },
    "Libra-Snake": {
      "overall": 82,
      "summary": "Great Match",
      "insight": [
        "Air–Earth partnership thrives on curiosity and poise.",
        "Rat–Snake secret-friend link builds trust.",
        "Mutual fascination keeps it elegant.",
        "West/East balance → 84/80 split."
      ],
      "scores": {
        "core_vibe": 88,
        "chemistry": 84,
        "communication": 88,
        "lifestyle": 80,
        "long_term": 82,
        "growth": 78
      },
      "color": "green"
    },
    "Libra-Horse": {
      "overall": 96,
      "summary": "Exceptional Match",
      "insight": [
        "Air–Fire = social, witty, unstoppable.",
        "Rat–Horse clash sparks intrigue, not chaos.",
        "Mutual respect turns friction into fun.",
        "West/East balance → 98/94 split."
      ],
      "scores": {
        "core_vibe": 100,
        "chemistry": 96,
        "communication": 94,
        "lifestyle": 90,
        "long_term": 92,
        "growth": 88
      },
      "color": "green"
    },
    "Libra-Goat": {
      "overall": 88,
      "summary": "Great Match",
      "insight": [
        "Air–Earth = art and charm.",
        "Rat–Goat build creative understanding.",
        "Love of peace and style unite them.",
        "West/East balance → 86/90 split."
      ],
      "scores": {
        "core_vibe": 90,
        "chemistry": 88,
        "communication": 90,
        "lifestyle": 84,
        "long_term": 88,
        "growth": 82
      },
      "color": "green"
    },
    "Libra-Monkey": {
      "overall": 100,
      "summary": "Exceptional Match",
      "insight": [
        "Air–Air sparkle: humor, intellect, freedom.",
        "Rat–Monkey same trine → instant friendship and love.",
        "Perfect balance of play and partnership.",
        "West/East balance → 100/100 split."
      ],
      "scores": {
        "core_vibe": 100,
        "chemistry": 100,
        "communication": 100,
        "lifestyle": 94,
        "long_term": 96,
        "growth": 92
      },
      "color": "green"
    },
    "Libra-Rooster": {
      "overall": 74,
      "summary": "Good Potential",
      "insight": [
        "Air–Air pairing with differing styles.",
        "Rat–Rooster same trine → bright minds, strong opinions.",
        "Communication key to lasting peace.",
        "West/East balance → 78/70 split."
      ],
      "scores": {
        "core_vibe": 80,
        "chemistry": 76,
        "communication": 84,
        "lifestyle": 74,
        "long_term": 72,
        "growth": 74
      },
      "color": "yellow"
    },
    "Libra-Dog": {
      "overall": 84,
      "summary": "Great Match",
      "insight": [
        "Air–Air diplomacy and fairness.",
        "Rat–Dog share loyalty and values.",
        "Stable love built on communication.",
        "West/East balance → 84/84 split."
      ],
      "scores": {
        "core_vibe": 88,
        "chemistry": 84,
        "communication": 90,
        "lifestyle": 82,
        "long_term": 86,
        "growth": 80
      },
      "color": "green"
    },
    "Libra-Pig": {
      "overall": 92,
      "summary": "Exceptional Match",
      "insight": [
        "Air–Water = emotional charm and understanding.",
        "Rat–Pig secret-friend bond → natural empathy.",
        "Balanced, romantic, and kindhearted duo.",
        "West/East balance → 90/94 split."
      ],
      "scores": {
        "core_vibe": 96,
        "chemistry": 94,
        "communication": 90,
        "lifestyle": 86,
        "long_term": 92,
        "growth": 86
      },
      "color": "green"
    }
  }
}
