{
  "Sagittarius-Rat": {
    "Sagittarius-Rat": {
      "overall": 90,
      "summary": "Great Match",
      "insight": [
        "Fire–Air connection → energy and humor.",
        "Rat–Rat cleverness fuels shared adventure.",
        "Mutable optimism keeps things moving.",
        "West/East balance → 88/92 split."
      ],
      "scores": {
        "core_vibe": 94,
        "chemistry": 90,
        "communication": 92,
        "lifestyle": 86,
        "long_term": 86,
        "growth": 84
      },
      "color": "green"
    },
    "Sagittarius-Ox": {
      "overall": 68,
      "summary": "Mixed / Workable",
      "insight": [
        "Fire–Earth contrast: fast vs slow.",
        "Rat–Ox patience tested by Sagittarian restlessness.",
        "Needs freedom with shared respect.",
        "West/East balance → 70/66 split."
      ],
      "scores": {
        "core_vibe": 74,
        "chemistry": 68,
        "communication": 72,
        "lifestyle": 68,
        "long_term": 64,
        "growth": 70
      },
      "color": "yellow"
    },
    "Sagittarius-Tiger": {
      "overall": 98,
      "summary": "Exceptional Match",
      "insight": [
        "Fire–Fire unity → boundless enthusiasm.",
        "Rat–Tiger powerful allies with drive.",
        "Courageous, honest, and fun together.",
        "West/East balance → 96/100 split."
      ],
      "scores": {
        "core_vibe": 100,
        "chemistry": 98,
        "communication": 94,
        "lifestyle": 92,
        "long_term": 96,
        "growth": 90
      },
      "color": "green"
    },
    "Sagittarius-Rabbit": {
      "overall": 74,
      "summary": "Good Potential",
      "insight": [
        "Fire–Water: passion vs sensitivity.",
        "Rat–Rabbit patience softens Sagittarian bluntness.",
        "Understanding builds love slowly.",
        "West/East balance → 76/72 split."
      ],
      "scores": {
        "core_vibe": 78,
        "chemistry": 74,
        "communication": 76,
        "lifestyle": 72,
        "long_term": 74,
        "growth": 74
      },
      "color": "yellow"
    },
    "Sagittarius-Dragon": {
      "overall": 100,
      "summary": "Exceptional Match",
      "insight": [
        "Fire–Fire: charisma, optimism, success.",
        "Rat–Dragon same trine → mutual confidence.",
        "Epic energy and fearless dreams.",
        "West/East balance → 100/100 split."
      ],
      "scores": {
        "core_vibe": 100,
        "chemistry": 100,
        "communication": 96,
        "lifestyle": 92,
        "long_term": 96,
        "growth": 92
      },
      "color": "green"
    },
    "Sagittarius-Snake": {
      "overall": 84,
      "summary": "Great Match",
      "insight": [
        "Fire–Earth → fiery dreamer meets wise strategist.",
        "Rat–Snake secret-friend link adds depth.",
        "Adventure balanced by insight.",
        "West/East balance → 86/82 split."
      ],
      "scores": {
        "core_vibe": 90,
        "chemistry": 86,
        "communication": 84,
        "lifestyle": 80,
        "long_term": 84,
        "growth": 82
      },
      "color": "green"
    },
    "Sagittarius-Horse": {
      "overall": 99,
      "summary": "Exceptional Match",
      "insight": [
        "Fire–Fire = natural soulmates in adventure.",
        "Rat–Horse clash but fuels excitement.",
        "Freedom lovers who grow stronger together.",
        "West/East balance → 100/98 split."
      ],
      "scores": {
        "core_vibe": 100,
        "chemistry": 98,
        "communication": 94,
        "lifestyle": 90,
        "long_term": 94,
        "growth": 90
      },
      "color": "green"
    },
    "Sagittarius-Goat": {
      "overall": 70,
      "summary": "Good Potential",
      "insight": [
        "Fire–Earth: wanderer meets homebody.",
        "Rat–Goat creative tension; need compromise.",
        "Optimism bridges the gap.",
        "West/East balance → 74/66 split."
      ],
      "scores": {
        "core_vibe": 74,
        "chemistry": 72,
        "communication": 74,
        "lifestyle": 70,
        "long_term": 68,
        "growth": 72
      },
      "color": "yellow"
    },
    "Sagittarius-Monkey": {
      "overall": 96,
      "summary": "Exceptional Match",
      "insight": [
        "Fire–Air → freedom and fun.",
        "Rat–Monkey same trine → playful brilliance.",
        "Together they chase excitement and success.",
        "West/East balance → 96/96 split."
      ],
      "scores": {
        "core_vibe": 98,
        "chemistry": 96,
        "communication": 94,
        "lifestyle": 90,
        "long_term": 92,
        "growth": 88
      },
      "color": "green"
    },
    "Sagittarius-Rooster": {
      "overall": 80,
      "summary": "Great Match",
      "insight": [
        "Fire–Air: independent but compatible.",
        "Rat–Rooster same trine → mental alignment.",
        "Shared ideals lead to loyalty.",
        "West/East balance → 82/78 split."
      ],
      "scores": {
        "core_vibe": 86,
        "chemistry": 82,
        "communication": 84,
        "lifestyle": 78,
        "long_term": 80,
        "growth": 80
      },
      "color": "green"
    },
    "Sagittarius-Dog": {
      "overall": 86,
      "summary": "Great Match",
      "insight": [
        "Fire–Air → strong beliefs and purpose.",
        "Rat–Dog share ethics and courage.",
        "Respect keeps the flame steady.",
        "West/East balance → 86/86 split."
      ],
      "scores": {
        "core_vibe": 90,
        "chemistry": 86,
        "communication": 88,
        "lifestyle": 82,
        "long_term": 86,
        "growth": 82
      },
      "color": "green"
    },
    "Sagittarius-Pig": {
      "overall": 92,
      "summary": "Exceptional Match",
      "insight": [
        "Fire–Water → warmth and generosity.",
        "Rat–Pig secret-friend energy → balanced hearts.",
        "Emotional yet optimistic partnership.",
        "West/East balance → 92/92 split."
      ],
      "scores": {
        "core_vibe": 96,
        "chemistry": 92,
        "communication": 88,
        "lifestyle": 88,
        "long_term": 94,
        "growth": 86
      },
      "color": "green"
    }
  }
}
